Size of Array, Insertion Sort Time (ms), Merge Sort Time (ms), Hybrid Sort Time (ms)
1, 0.00, 0.00, 100.00
2, 0.00, 0.00, 100.00
3, 0.00, 0.01, 100.00
4, 0.00, 0.01, 100.00
5, 0.00, 0.01, 100.00
6, 0.01, 0.01, 100.00
7, 0.01, 0.01, 100.00
8, 0.01, 0.02, 100.00
9, 0.02, 0.02, 100.00
10, 0.01, 0.02, 100.00
11, 0.02, 0.02, 100.00
12, 0.02, 0.02, 100.00
13, 0.02, 0.03, 100.00
14, 0.02, 0.03, 100.00
15, 0.03, 0.03, 100.00
16, 0.03, 0.03, 100.00
17, 0.03, 0.03, 100.00
18, 0.04, 0.03, 100.00
19, 0.04, 0.04, 100.00
20, 0.05, 0.15, 100.00
21, 0.05, 0.14, 100.00
22, 0.05, 0.05, 100.00
23, 0.06, 0.04, 100.00
24, 0.06, 0.05, 100.00
25, 0.07, 0.05, 100.00
26, 0.08, 0.05, 100.00
27, 0.08, 0.06, 100.00
28, 0.09, 0.06, 100.00
29, 0.09, 0.06, 100.00
30, 0.10, 0.06, 100.00
31, 0.11, 0.07, 100.00
32, 0.12, 0.07, 100.00
33, 0.17, 0.07, 100.00
34, 0.13, 0.07, 100.00
35, 0.15, 0.07, 100.00
36, 0.14, 0.07, 100.00
37, 0.14, 0.10, 100.00
38, 0.16, 0.08, 100.00
39, 0.19, 0.08, 100.00
40, 0.17, 0.10, 100.00
41, 0.18, 0.09, 100.00
42, 0.19, 0.10, 100.00
43, 0.27, 0.10, 100.00
44, 0.21, 0.20, 100.00
45, 0.37, 0.10, 100.00
46, 0.25, 0.13, 100.00
47, 0.28, 0.10, 100.00
48, 0.26, 0.12, 100.00
49, 0.39, 0.16, 100.00
50, 0.41, 0.15, 100.00
51, 0.46, 0.15, 100.00
52, 0.52, 0.16, 100.00
53, 0.44, 0.17, 100.00
54, 0.51, 0.17, 100.00
55, 0.64, 0.15, 100.00
56, 0.44, 0.15, 100.00
57, 0.55, 0.18, 100.00
58, 0.67, 0.25, 100.00
59, 0.60, 0.18, 100.00
60, 0.63, 0.19, 100.00
61, 0.66, 0.19, 100.00
62, 0.86, 0.18, 100.00
63, 0.61, 0.19, 100.00
64, 0.70, 0.16, 100.00
65, 0.48, 0.14, 100.00
66, 0.49, 0.15, 100.00
67, 0.58, 0.14, 100.00
68, 0.57, 0.15, 100.00
69, 0.56, 0.15, 100.00
70, 0.84, 0.21, 100.00
71, 0.74, 0.17, 100.00
72, 0.60, 0.16, 100.00
73, 0.65, 0.16, 100.00
74, 0.67, 0.17, 100.00
75, 0.69, 0.17, 100.00
76, 0.70, 0.17, 100.00
77, 1.00, 0.27, 100.00
78, 0.70, 0.19, 100.00
79, 0.73, 0.18, 100.00
80, 0.77, 0.22, 100.00
81, 0.99, 0.22, 100.00
82, 0.81, 0.30, 100.00
83, 0.85, 0.20, 100.00
84, 0.94, 0.30, 100.00
85, 1.14, 0.20, 100.00
86, 0.87, 0.20, 100.00
87, 0.89, 0.20, 100.00
88, 0.79, 0.20, 100.00
89, 0.90, 0.21, 100.00
90, 1.31, 0.22, 100.00
91, 1.00, 0.22, 100.00
92, 0.95, 0.22, 100.00
93, 1.03, 0.34, 100.00
94, 1.50, 0.33, 100.00
95, 1.47, 0.33, 100.00
96, 1.78, 0.33, 100.00
97, 1.55, 0.34, 100.00
98, 2.17, 0.35, 100.00
99, 1.68, 0.35, 100.00
100, 1.55, 0.25, 100.00
101, 1.29, 0.36, 100.00
102, 1.62, 0.36, 100.00
103, 1.80, 0.37, 100.00
104, 1.82, 0.37, 100.00
105, 1.76, 0.26, 100.00
106, 1.31, 0.26, 100.00
107, 1.34, 0.26, 100.00
108, 1.43, 0.28, 100.00
109, 1.61, 0.28, 100.00
110, 1.48, 0.29, 100.00
111, 1.71, 0.28, 100.00
112, 1.57, 0.27, 100.00
113, 1.41, 0.27, 100.00
114, 1.41, 0.29, 100.00
115, 1.63, 0.29, 100.00
116, 1.73, 0.30, 100.00
117, 1.65, 0.35, 100.00
118, 1.86, 0.29, 100.00
119, 1.62, 0.30, 100.00
120, 1.80, 0.30, 100.00
121, 1.65, 0.30, 100.00
122, 1.99, 0.30, 100.00
123, 1.76, 0.32, 100.00
124, 2.01, 0.31, 100.00
125, 1.97, 0.35, 100.00
126, 1.97, 0.37, 100.00
127, 1.92, 0.32, 100.00
128, 2.31, 0.32, 100.00
129, 2.02, 0.34, 100.00
130, 2.02, 0.33, 100.00
131, 2.07, 0.33, 100.00
132, 1.90, 0.33, 100.00
133, 2.29, 0.35, 100.00
134, 2.25, 0.35, 100.00
135, 2.22, 0.53, 100.00
136, 2.38, 0.34, 100.00
137, 2.22, 0.36, 100.00
138, 2.45, 0.35, 100.00
139, 2.51, 0.36, 100.00
140, 2.54, 0.39, 100.00
141, 2.67, 0.43, 100.00
142, 2.87, 0.38, 100.00
143, 2.54, 0.40, 100.00
144, 2.76, 0.38, 100.00
145, 2.47, 0.38, 100.00
146, 2.76, 0.48, 100.00
147, 2.69, 0.39, 100.00
148, 3.46, 0.57, 100.00
149, 3.64, 0.42, 100.00
150, 2.99, 0.40, 100.00
151, 3.18, 0.39, 100.00
152, 2.98, 0.51, 100.00
153, 2.73, 0.54, 100.00
154, 3.11, 0.49, 100.00
155, 3.02, 0.41, 100.00
156, 3.30, 0.42, 100.00
157, 3.07, 0.50, 100.00
158, 2.95, 0.44, 100.00
159, 3.39, 0.54, 100.00
160, 3.12, 0.42, 100.00
161, 3.55, 0.43, 100.00
162, 3.15, 0.70, 100.00
163, 2.95, 0.44, 100.00
164, 3.29, 0.56, 100.00
165, 3.16, 0.48, 100.00
166, 3.39, 0.47, 100.00
167, 3.60, 0.53, 100.00
168, 3.55, 0.49, 100.00
169, 3.27, 0.51, 100.00
170, 3.98, 0.47, 100.00
171, 3.76, 0.59, 100.00
172, 3.75, 0.60, 100.00
173, 3.92, 0.54, 100.00
174, 3.67, 0.48, 100.00
175, 3.95, 0.48, 100.00
176, 3.89, 0.63, 100.00
177, 3.73, 0.62, 100.00
178, 3.99, 0.51, 100.00
179, 4.28, 0.51, 100.00
180, 4.02, 0.55, 100.00
181, 4.29, 0.50, 100.00
182, 4.18, 0.62, 100.00
183, 4.72, 0.54, 100.00
184, 4.17, 0.55, 100.00
185, 3.95, 0.56, 100.00
186, 4.40, 0.53, 100.00
187, 4.31, 0.53, 100.00
188, 4.54, 0.54, 100.00
189, 4.32, 0.68, 100.00
190, 4.31, 0.76, 100.00
191, 4.48, 0.56, 100.00
192, 4.52, 0.56, 100.00
193, 4.80, 0.56, 100.00
194, 4.26, 0.70, 100.00
195, 4.63, 0.55, 100.00
196, 4.69, 0.59, 100.00
197, 4.66, 0.56, 100.00
198, 4.81, 0.57, 100.00
199, 4.91, 0.58, 100.00
200, 5.20, 0.66, 100.00
201, 4.91, 0.61, 100.00
202, 5.19, 0.62, 100.00
203, 5.26, 0.59, 100.00
204, 5.07, 0.63, 100.00
205, 5.49, 0.59, 100.00
206, 5.06, 0.60, 100.00
207, 5.54, 0.65, 100.00
208, 5.10, 0.60, 100.00
209, 5.28, 0.67, 100.00
210, 5.55, 0.65, 100.00
211, 5.60, 0.62, 100.00
212, 5.35, 0.62, 100.00
213, 5.63, 0.64, 100.00
214, 5.59, 0.64, 100.00
215, 5.90, 0.82, 100.00
216, 5.68, 0.67, 100.00
217, 6.00, 0.68, 100.00
218, 5.76, 0.70, 100.00
219, 6.15, 0.80, 100.00
220, 5.93, 0.78, 100.00
221, 6.35, 0.67, 100.00
222, 5.75, 0.65, 100.00
223, 5.75, 0.66, 100.00
224, 6.00, 0.69, 100.00
225, 6.02, 0.68, 100.00
226, 5.90, 0.66, 100.00
227, 6.17, 0.70, 100.00
228, 6.09, 0.70, 100.00
229, 6.48, 0.70, 100.00
230, 6.39, 0.67, 100.00
231, 6.66, 0.71, 100.00
232, 6.55, 0.68, 100.00
233, 6.62, 0.75, 100.00
234, 6.62, 0.71, 100.00
235, 6.73, 0.68, 100.00
236, 6.81, 0.69, 100.00
237, 6.74, 0.85, 100.00
238, 6.61, 0.74, 100.00
239, 6.71, 0.70, 100.00
240, 6.80, 0.70, 100.00
241, 7.03, 0.74, 100.00
242, 7.08, 0.76, 100.00
243, 7.19, 0.80, 100.00
244, 6.91, 0.74, 100.00
245, 7.20, 0.73, 100.00
246, 6.97, 0.80, 100.00
247, 7.48, 0.73, 100.00
248, 7.26, 1.09, 100.00
249, 7.56, 0.76, 100.00
250, 8.03, 0.92, 100.00
251, 7.67, 0.75, 100.00
252, 8.01, 0.79, 100.00
253, 8.01, 0.86, 100.00
254, 8.08, 1.09, 100.00
255, 8.23, 0.77, 100.00
256, 8.24, 0.85, 100.00
257, 8.30, 1.02, 100.00
258, 7.95, 0.85, 100.00
259, 8.00, 0.79, 100.00
260, 9.24, 1.19, 100.00
261, 10.19, 0.82, 100.00
262, 8.63, 0.91, 100.00
263, 8.59, 1.22, 100.00
264, 11.60, 1.23, 100.00
265, 11.95, 1.24, 100.00
266, 11.83, 1.22, 100.00
267, 11.84, 1.23, 100.00
268, 11.85, 1.24, 100.00
269, 12.31, 1.26, 100.00
270, 12.41, 1.25, 100.00
271, 12.38, 1.28, 100.00
272, 12.58, 1.28, 100.00
273, 9.54, 0.88, 100.00
274, 8.12, 0.88, 100.00
275, 9.04, 0.85, 100.00
276, 9.04, 0.89, 100.00
277, 9.62, 0.90, 100.00
278, 9.31, 1.26, 100.00
279, 8.90, 0.94, 100.00
280, 9.78, 0.88, 100.00
281, 9.34, 1.11, 100.00
282, 9.25, 1.06, 100.00
283, 10.01, 0.93, 100.00
284, 9.62, 0.97, 100.00
285, 9.87, 0.91, 100.00
286, 10.98, 1.35, 100.00
287, 13.99, 1.37, 100.00
288, 14.26, 1.39, 100.00
289, 11.29, 0.98, 100.00
290, 10.29, 0.90, 100.00
291, 9.67, 0.98, 100.00
292, 9.90, 0.95, 100.00
293, 10.40, 0.95, 100.00
294, 10.15, 1.09, 100.00
295, 9.99, 1.01, 100.00
296, 10.33, 0.97, 100.00
297, 10.19, 0.97, 100.00
298, 10.35, 1.09, 100.00
299, 10.51, 1.00, 100.00
300, 10.61, 1.44, 100.00
301, 10.91, 1.00, 100.00
302, 10.14, 1.07, 100.00
303, 10.61, 0.99, 100.00
304, 10.83, 1.29, 100.00
305, 11.36, 0.99, 100.00
306, 11.15, 1.00, 100.00
307, 11.52, 1.03, 100.00
308, 11.46, 1.08, 100.00
309, 11.67, 1.03, 100.00
310, 11.16, 1.03, 100.00
311, 11.44, 1.07, 100.00
312, 11.77, 1.05, 100.00
313, 11.73, 1.05, 100.00
314, 12.32, 1.05, 100.00
315, 11.88, 1.05, 100.00
316, 12.05, 1.06, 100.00
317, 12.07, 1.05, 100.00
318, 12.22, 1.07, 100.00
319, 12.11, 1.09, 100.00
320, 12.06, 1.12, 100.00
321, 14.48, 1.33, 100.00
322, 15.66, 1.17, 100.00
323, 13.89, 1.09, 100.00
324, 12.69, 1.08, 100.00
325, 12.27, 1.11, 100.00
326, 12.53, 1.09, 100.00
327, 12.93, 1.12, 100.00
328, 13.92, 1.66, 100.00
329, 18.41, 1.15, 100.00
330, 12.55, 1.13, 100.00
331, 13.42, 1.15, 100.00
332, 13.11, 1.15, 100.00
333, 13.61, 1.17, 100.00
334, 13.04, 1.18, 100.00
335, 12.90, 1.19, 100.00
336, 14.74, 1.17, 100.00
337, 13.38, 1.20, 100.00
338, 13.20, 1.25, 100.00
339, 13.65, 1.17, 100.00
340, 13.36, 1.17, 100.00
341, 14.13, 1.18, 100.00
342, 13.99, 1.20, 100.00
343, 14.61, 1.62, 100.00
344, 14.82, 1.20, 100.00
345, 14.24, 1.24, 100.00
346, 14.62, 1.32, 100.00
347, 14.94, 1.20, 100.00
348, 14.78, 1.20, 100.00
349, 14.35, 1.21, 100.00
350, 14.41, 1.31, 100.00
351, 15.76, 1.23, 100.00
352, 14.63, 1.23, 100.00
353, 18.73, 1.89, 100.00
354, 18.14, 1.25, 100.00
355, 17.04, 1.85, 100.00
356, 15.64, 1.27, 100.00
357, 15.68, 1.25, 100.00
358, 15.86, 1.27, 100.00
359, 17.00, 1.85, 100.00
360, 16.83, 1.27, 100.00
361, 16.03, 1.30, 100.00
362, 15.35, 1.29, 100.00
363, 15.88, 1.29, 100.00
364, 16.04, 1.28, 100.00
365, 16.78, 1.37, 100.00
366, 15.49, 1.30, 100.00
367, 16.26, 1.28, 100.00
368, 18.27, 1.32, 100.00
369, 17.09, 2.01, 100.00
370, 19.55, 1.28, 100.00
371, 16.39, 1.34, 100.00
372, 16.43, 1.33, 100.00
373, 16.64, 1.37, 100.00
374, 16.70, 1.43, 100.00
375, 16.80, 1.35, 100.00
376, 16.24, 1.38, 100.00
377, 16.48, 1.41, 100.00
378, 17.37, 1.37, 100.00
379, 18.08, 1.38, 100.00
380, 16.76, 1.39, 100.00
381, 16.85, 1.38, 100.00
382, 17.48, 1.66, 100.00
383, 16.90, 1.40, 100.00
384, 17.78, 1.41, 100.00
385, 18.24, 1.53, 100.00
386, 18.07, 1.39, 100.00
387, 17.38, 1.40, 100.00
388, 17.55, 1.40, 100.00
389, 17.96, 1.41, 100.00
390, 18.23, 1.43, 100.00
391, 19.36, 1.68, 100.00
392, 18.07, 1.52, 100.00
393, 19.01, 1.44, 100.00
394, 17.92, 1.53, 100.00
395, 18.83, 1.49, 100.00
396, 20.20, 1.47, 100.00
397, 19.01, 1.49, 100.00
398, 18.55, 1.46, 100.00
399, 19.28, 1.45, 100.00
400, 18.93, 1.48, 100.00
401, 18.91, 1.48, 100.00
402, 19.13, 1.49, 100.00
403, 19.29, 1.49, 100.00
404, 19.90, 1.49, 100.00
405, 20.79, 1.50, 100.00
406, 20.87, 1.60, 100.00
407, 24.49, 1.97, 100.00
408, 20.37, 1.61, 100.00
409, 22.96, 1.55, 100.00
410, 26.65, 1.64, 100.00
411, 22.31, 1.60, 100.00
412, 20.06, 1.53, 100.00
413, 21.53, 1.52, 100.00
414, 20.72, 1.54, 100.00
415, 21.37, 1.65, 100.00
416, 21.47, 1.56, 100.00
417, 21.70, 1.58, 100.00
418, 20.66, 1.63, 100.00
419, 23.32, 1.58, 100.00
420, 21.53, 1.62, 100.00
421, 23.17, 1.63, 100.00
422, 30.21, 2.43, 100.00
423, 26.71, 1.75, 100.00
424, 22.44, 2.41, 100.00
425, 25.76, 1.59, 100.00
426, 21.17, 1.63, 100.00
427, 21.99, 1.82, 100.00
428, 22.28, 1.61, 100.00
429, 21.93, 1.66, 100.00
430, 21.49, 1.61, 100.00
431, 21.74, 1.86, 100.00
432, 22.59, 1.63, 100.00
433, 22.70, 1.62, 100.00
434, 22.65, 1.79, 100.00
435, 22.21, 1.77, 100.00
436, 22.36, 1.65, 100.00
437, 22.45, 1.72, 100.00
438, 22.91, 1.68, 100.00
439, 23.57, 1.70, 100.00
440, 22.81, 1.69, 100.00
441, 23.07, 1.68, 100.00
442, 23.71, 1.70, 100.00
443, 23.46, 1.72, 100.00
444, 23.65, 1.73, 100.00
445, 26.19, 1.87, 100.00
446, 25.97, 1.80, 100.00
447, 26.05, 1.86, 100.00
448, 28.53, 2.35, 100.00
449, 26.79, 1.86, 100.00
450, 31.89, 2.13, 100.00
451, 24.34, 1.75, 100.00
452, 24.39, 1.75, 100.00
453, 24.24, 1.70, 100.00
454, 25.13, 1.93, 100.00
455, 24.90, 1.78, 100.00
456, 26.56, 1.81, 100.00
457, 25.65, 1.76, 100.00
458, 26.10, 1.76, 100.00
459, 26.05, 1.82, 100.00
460, 26.29, 1.80, 100.00
461, 25.24, 1.74, 100.00
462, 27.36, 1.92, 100.00
463, 28.21, 1.78, 100.00
464, 32.18, 1.78, 100.00
465, 25.31, 1.83, 100.00
466, 29.00, 1.77, 100.00
467, 30.56, 1.77, 100.00
468, 26.76, 2.01, 100.00
469, 26.25, 1.89, 100.00
470, 25.96, 1.86, 100.00
471, 25.95, 1.79, 100.00
472, 26.93, 1.89, 100.00
473, 26.54, 1.89, 100.00
474, 26.99, 1.82, 100.00
475, 26.58, 1.81, 100.00
476, 25.96, 1.80, 100.00
477, 31.17, 1.84, 100.00
478, 26.72, 1.86, 100.00
479, 27.80, 1.90, 100.00
480, 27.16, 1.84, 100.00
481, 27.17, 1.86, 100.00
482, 27.67, 2.05, 100.00
483, 28.16, 1.91, 100.00
484, 28.45, 1.94, 100.00
485, 27.80, 1.93, 100.00
486, 28.82, 2.02, 100.00
487, 27.98, 1.98, 100.00
488, 29.62, 2.54, 100.00
489, 30.22, 1.97, 100.00
490, 28.39, 1.95, 100.00
491, 28.02, 1.94, 100.00
492, 28.86, 1.92, 100.00
493, 30.04, 2.03, 100.00
494, 32.93, 2.19, 100.00
495, 31.77, 2.44, 100.00
496, 32.86, 2.00, 100.00
497, 31.84, 2.01, 100.00
498, 32.11, 1.98, 100.00
499, 30.97, 2.03, 100.00
500, 30.67, 2.19, 100.00
501, 32.50, 2.20, 100.00
502, 33.16, 2.13, 100.00
503, 29.94, 1.99, 100.00
504, 30.80, 2.02, 100.00
505, 29.81, 1.95, 100.00
506, 30.98, 2.06, 100.00
507, 30.19, 2.03, 100.00
508, 30.21, 2.05, 100.00
509, 39.89, 2.95, 100.00
510, 31.60, 2.08, 100.00
511, 30.58, 2.07, 100.00
512, 31.39, 2.01, 100.00
513, 31.84, 2.04, 100.00
514, 30.86, 2.14, 100.00
515, 32.32, 2.04, 100.00
516, 32.46, 2.06, 100.00
517, 30.59, 2.05, 100.00
518, 32.49, 2.08, 100.00
519, 32.47, 2.08, 100.00
520, 32.53, 2.08, 100.00
521, 32.05, 2.21, 100.00
522, 31.82, 2.08, 100.00
523, 32.43, 2.14, 100.00
524, 32.30, 2.14, 100.00
525, 34.28, 2.14, 100.00
526, 33.82, 2.17, 100.00
527, 33.57, 2.18, 100.00
528, 32.77, 2.16, 100.00
529, 34.05, 2.17, 100.00
530, 33.22, 2.17, 100.00
531, 33.96, 2.14, 100.00
532, 34.11, 2.12, 100.00
533, 35.11, 2.17, 100.00
534, 33.62, 2.27, 100.00
535, 33.98, 2.21, 100.00
536, 35.10, 2.22, 100.00
537, 35.01, 2.15, 100.00
538, 35.55, 2.22, 100.00
539, 34.96, 2.19, 100.00
540, 40.91, 2.84, 100.00
541, 37.60, 2.65, 100.00
542, 40.91, 2.51, 100.00
543, 38.00, 2.22, 100.00
544, 34.23, 2.27, 100.00
545, 34.72, 2.38, 100.00
546, 35.88, 2.25, 100.00
547, 34.78, 2.28, 100.00
548, 36.49, 2.37, 100.00
549, 43.26, 3.48, 100.00
550, 43.55, 2.26, 100.00
551, 36.23, 2.39, 100.00
552, 40.47, 2.24, 100.00
553, 37.01, 2.34, 100.00
554, 36.18, 2.29, 100.00
555, 37.53, 2.29, 100.00
556, 36.54, 2.28, 100.00
557, 37.18, 2.24, 100.00
558, 37.12, 2.32, 100.00
559, 38.37, 2.31, 100.00
560, 37.14, 2.30, 100.00
561, 38.50, 2.36, 100.00
562, 38.63, 2.39, 100.00
563, 37.52, 2.34, 100.00
564, 37.85, 2.35, 100.00
565, 37.80, 2.39, 100.00
566, 39.13, 2.43, 100.00
567, 38.88, 2.46, 100.00
568, 38.55, 2.38, 100.00
569, 38.27, 2.37, 100.00
570, 37.93, 2.39, 100.00
571, 38.05, 2.45, 100.00
572, 38.72, 2.43, 100.00
573, 40.19, 2.44, 100.00
574, 39.03, 2.40, 100.00
575, 40.49, 2.49, 100.00
576, 40.17, 2.45, 100.00
577, 38.85, 2.43, 100.00
578, 39.35, 2.43, 100.00
579, 39.98, 2.47, 100.00
580, 40.29, 2.44, 100.00
581, 40.21, 2.49, 100.00
582, 39.72, 2.47, 100.00
583, 40.06, 2.41, 100.00
584, 40.50, 2.53, 100.00
585, 40.60, 2.50, 100.00
586, 45.45, 2.51, 100.00
587, 41.63, 2.49, 100.00
588, 42.64, 2.52, 100.00
589, 42.05, 2.45, 100.00
590, 40.74, 2.45, 100.00
591, 41.90, 2.56, 100.00
592, 42.62, 2.56, 100.00
593, 41.21, 2.56, 100.00
594, 46.29, 2.85, 100.00
595, 42.78, 2.59, 100.00
596, 42.86, 2.68, 100.00
597, 42.00, 2.62, 100.00
598, 44.38, 2.67, 100.00
599, 44.47, 2.65, 100.00
600, 44.37, 2.64, 100.00
601, 43.86, 2.60, 100.00
602, 43.35, 2.59, 100.00
603, 43.95, 2.65, 100.00
604, 42.89, 2.63, 100.00
605, 45.06, 2.61, 100.00
606, 44.69, 2.69, 100.00
607, 45.21, 2.70, 100.00
608, 53.63, 2.79, 100.00
609, 48.66, 2.88, 100.00
610, 45.69, 2.70, 100.00
611, 45.92, 2.81, 100.00
612, 44.51, 2.76, 100.00
613, 45.51, 2.77, 100.00
614, 47.32, 2.76, 100.00
615, 46.28, 2.66, 100.00
616, 44.45, 2.69, 100.00
617, 44.31, 2.63, 100.00
618, 44.82, 2.68, 100.00
619, 45.92, 2.73, 100.00
620, 45.53, 2.72, 100.00
621, 46.02, 2.67, 100.00
622, 45.93, 2.73, 100.00
623, 47.09, 2.76, 100.00
624, 46.56, 2.71, 100.00
625, 46.52, 2.74, 100.00
626, 45.75, 2.77, 100.00
627, 47.50, 2.86, 100.00
628, 49.69, 2.76, 100.00
629, 47.31, 2.97, 100.00
630, 48.74, 2.91, 100.00
631, 47.25, 2.89, 100.00
632, 47.98, 2.87, 100.00
633, 47.94, 2.88, 100.00
634, 50.57, 2.83, 100.00
635, 48.10, 2.93, 100.00
636, 49.77, 2.95, 100.00
637, 50.21, 2.91, 100.00
638, 49.30, 4.60, 100.00
639, 47.69, 2.88, 100.00
640, 49.38, 2.98, 100.00
641, 49.19, 3.07, 100.00
642, 49.72, 3.01, 100.00
643, 50.65, 3.06, 100.00
644, 52.41, 3.04, 100.00
645, 51.17, 2.91, 100.00
646, 52.06, 3.01, 100.00
647, 50.44, 2.90, 100.00
648, 51.60, 2.94, 100.00
649, 51.04, 2.93, 100.00
650, 50.94, 3.17, 100.00
651, 52.47, 2.83, 100.00
652, 52.51, 2.98, 100.00
653, 51.93, 2.94, 100.00
654, 51.39, 2.95, 100.00
655, 50.77, 3.01, 100.00
656, 53.63, 2.92, 100.00
657, 50.54, 3.05, 100.00
658, 52.34, 2.98, 100.00
659, 51.48, 3.06, 100.00
660, 63.79, 2.96, 100.00
661, 52.35, 2.99, 100.00
662, 54.38, 3.02, 100.00
663, 52.46, 2.96, 100.00
664, 52.96, 3.14, 100.00
665, 53.70, 3.05, 100.00
666, 54.03, 3.01, 100.00
667, 53.34, 3.15, 100.00
668, 53.04, 3.10, 100.00
669, 56.41, 3.09, 100.00
670, 56.21, 3.06, 100.00
671, 57.18, 3.10, 100.00
672, 53.43, 3.05, 100.00
673, 52.38, 3.04, 100.00
674, 55.14, 3.04, 100.00
675, 55.12, 3.05, 100.00
676, 53.65, 3.12, 100.00
677, 54.72, 3.57, 100.00
678, 54.62, 3.15, 100.00
679, 54.26, 3.08, 100.00
680, 62.35, 4.99, 100.00
681, 65.89, 3.20, 100.00
682, 71.89, 3.13, 100.00
683, 56.05, 3.09, 100.00
684, 55.56, 3.26, 100.00
685, 56.36, 4.88, 100.00
686, 60.44, 3.16, 100.00
687, 55.61, 3.18, 100.00
688, 55.86, 3.06, 100.00
689, 57.11, 3.24, 100.00
690, 56.72, 3.22, 100.00
691, 56.38, 3.20, 100.00
692, 56.98, 3.16, 100.00
693, 59.51, 3.53, 100.00
694, 57.27, 3.21, 100.00
695, 58.24, 3.28, 100.00
696, 59.08, 3.17, 100.00
697, 57.70, 3.26, 100.00
698, 57.96, 3.38, 100.00
699, 63.58, 3.31, 100.00
700, 59.46, 3.36, 100.00
701, 61.27, 3.24, 100.00
702, 59.17, 3.31, 100.00
703, 59.66, 3.31, 100.00
704, 60.98, 3.24, 100.00
705, 60.06, 3.28, 100.00
706, 59.35, 3.68, 100.00
707, 61.55, 3.94, 100.00
708, 59.92, 3.54, 100.00
709, 61.82, 3.42, 100.00
710, 59.96, 3.51, 100.00
711, 59.12, 3.21, 100.00
712, 63.01, 3.42, 100.00
713, 61.06, 3.35, 100.00
714, 61.27, 3.38, 100.00
715, 59.94, 3.55, 100.00
716, 61.19, 3.53, 100.00
717, 62.51, 3.45, 100.00
718, 62.41, 3.50, 100.00
719, 65.73, 3.46, 100.00
720, 61.76, 3.69, 100.00
721, 73.84, 3.74, 100.00
722, 67.41, 3.43, 100.00
723, 62.19, 3.47, 100.00
724, 62.17, 3.48, 100.00
725, 64.11, 4.09, 100.00
726, 65.32, 3.55, 100.00
727, 65.25, 4.70, 100.00
728, 67.41, 3.45, 100.00
729, 63.58, 3.55, 100.00
730, 64.60, 3.61, 100.00
731, 65.16, 3.57, 100.00
732, 65.05, 3.69, 100.00
733, 62.06, 3.64, 100.00
734, 65.06, 3.55, 100.00
735, 64.30, 3.55, 100.00
736, 65.44, 3.53, 100.00
737, 66.09, 3.55, 100.00
738, 66.18, 3.83, 100.00
739, 66.13, 3.45, 100.00
740, 65.46, 3.50, 100.00
741, 64.46, 3.53, 100.00
742, 75.10, 3.54, 100.00
743, 69.93, 3.50, 100.00
744, 66.44, 3.59, 100.00
745, 68.39, 3.57, 100.00
746, 69.71, 3.60, 100.00
747, 67.90, 3.61, 100.00
748, 68.38, 3.73, 100.00
749, 69.35, 3.53, 100.00
750, 68.39, 3.64, 100.00
751, 66.13, 3.63, 100.00
752, 68.24, 3.89, 100.00
753, 68.17, 3.62, 100.00
754, 69.92, 3.68, 100.00
755, 66.28, 3.56, 100.00
756, 69.27, 3.66, 100.00
757, 69.13, 3.63, 100.00
758, 70.66, 3.62, 100.00
759, 69.12, 3.67, 100.00
760, 68.84, 3.61, 100.00
761, 69.64, 3.67, 100.00
762, 75.05, 4.53, 100.00
763, 75.10, 3.60, 100.00
764, 70.93, 3.71, 100.00
765, 70.54, 3.73, 100.00
766, 69.82, 3.76, 100.00
767, 72.38, 3.79, 100.00
768, 71.95, 3.81, 100.00
769, 75.68, 3.71, 100.00
770, 70.13, 3.81, 100.00
771, 72.56, 3.73, 100.00
772, 73.54, 3.74, 100.00
773, 72.12, 3.90, 100.00
774, 72.97, 3.80, 100.00
775, 72.43, 3.75, 100.00
776, 74.75, 3.82, 100.00
777, 76.65, 3.83, 100.00
778, 72.28, 3.82, 100.00
779, 74.05, 3.91, 100.00
780, 73.65, 3.89, 100.00
781, 74.01, 3.79, 100.00
782, 75.58, 3.81, 100.00
783, 76.04, 3.87, 100.00
784, 74.33, 4.17, 100.00
785, 75.89, 3.85, 100.00
786, 76.31, 3.91, 100.00
787, 79.60, 3.95, 100.00
788, 77.02, 3.89, 100.00
789, 76.75, 3.87, 100.00
790, 76.56, 4.11, 100.00
791, 79.73, 3.93, 100.00
792, 77.97, 3.94, 100.00
793, 76.36, 4.04, 100.00
794, 76.33, 4.15, 100.00
795, 78.34, 4.28, 100.00
796, 77.00, 4.14, 100.00
797, 76.63, 3.94, 100.00
798, 80.03, 3.93, 100.00
799, 78.39, 3.96, 100.00
800, 79.21, 4.97, 100.00
801, 92.92, 4.06, 100.00
802, 81.72, 5.18, 100.00
803, 93.51, 5.92, 100.00
804, 92.04, 4.09, 100.00
805, 83.47, 4.13, 100.00
806, 83.79, 4.04, 100.00
807, 85.25, 4.02, 100.00
808, 81.45, 4.14, 100.00
809, 82.58, 4.48, 100.00
810, 79.25, 4.16, 100.00
811, 80.18, 4.02, 100.00
812, 81.44, 4.11, 100.00
813, 81.32, 4.10, 100.00
814, 80.99, 4.05, 100.00
815, 79.83, 4.04, 100.00
816, 81.15, 4.15, 100.00
817, 82.71, 4.12, 100.00
818, 86.07, 4.12, 100.00
819, 80.98, 4.08, 100.00
820, 82.11, 4.20, 100.00
821, 82.23, 4.20, 100.00
822, 83.98, 4.29, 100.00
823, 81.49, 4.24, 100.00
824, 86.33, 4.38, 100.00
825, 82.70, 4.29, 100.00
826, 82.12, 4.56, 100.00
827, 82.28, 4.24, 100.00
828, 94.86, 4.88, 100.00
829, 93.95, 4.32, 100.00
830, 84.93, 4.33, 100.00
831, 84.39, 4.33, 100.00
832, 84.38, 4.18, 100.00
833, 83.55, 4.50, 100.00
834, 84.56, 4.22, 100.00
835, 84.40, 4.25, 100.00
836, 86.21, 4.21, 100.00
837, 85.22, 4.30, 100.00
838, 87.12, 4.34, 100.00
839, 85.85, 4.40, 100.00
840, 96.93, 4.31, 100.00
841, 85.80, 4.69, 100.00
842, 90.13, 4.52, 100.00
843, 89.10, 4.35, 100.00
844, 88.31, 4.43, 100.00
845, 87.64, 4.37, 100.00
846, 87.84, 4.33, 100.00
847, 89.41, 4.47, 100.00
848, 96.50, 4.43, 100.00
849, 87.42, 4.56, 100.00
850, 95.06, 4.48, 100.00
851, 87.95, 4.39, 100.00
852, 89.92, 4.43, 100.00
853, 87.94, 4.56, 100.00
854, 91.80, 4.47, 100.00
855, 91.62, 4.35, 100.00
856, 89.96, 4.45, 100.00
857, 89.82, 4.46, 100.00
858, 92.80, 4.50, 100.00
859, 93.26, 4.40, 100.00
860, 91.37, 4.60, 100.00
861, 106.11, 4.41, 100.00
862, 93.23, 4.52, 100.00
863, 101.77, 6.80, 100.00
864, 91.50, 5.14, 100.00
865, 93.64, 4.62, 100.00
866, 106.54, 4.61, 100.00
867, 109.95, 6.41, 100.00
868, 113.22, 4.47, 100.00
869, 93.45, 4.59, 100.00
870, 97.79, 4.76, 100.00
871, 92.66, 4.91, 100.00
872, 95.53, 4.98, 100.00
873, 93.54, 4.97, 100.00
874, 94.33, 4.61, 100.00
875, 93.26, 4.61, 100.00
876, 95.68, 4.52, 100.00
877, 94.97, 4.74, 100.00
878, 95.76, 5.02, 100.00
879, 99.02, 4.64, 100.00
880, 108.63, 5.10, 100.00
881, 97.86, 4.75, 100.00
882, 96.77, 4.54, 100.00
883, 93.72, 4.63, 100.00
884, 95.89, 4.63, 100.00
885, 94.36, 4.72, 100.00
886, 93.17, 4.59, 100.00
887, 97.59, 4.85, 100.00
888, 95.77, 4.68, 100.00
889, 97.18, 4.65, 100.00
890, 96.04, 4.66, 100.00
891, 94.64, 4.62, 100.00
892, 96.42, 4.61, 100.00
893, 96.00, 4.78, 100.00
894, 98.51, 4.91, 100.00
895, 95.92, 4.71, 100.00
896, 98.01, 4.73, 100.00
897, 99.55, 4.83, 100.00
898, 98.35, 4.94, 100.00
899, 100.74, 4.91, 100.00
900, 98.91, 5.17, 100.00
901, 100.91, 4.85, 100.00
902, 100.12, 4.79, 100.00
903, 98.32, 5.09, 100.00
904, 101.09, 4.88, 100.00
905, 99.92, 4.81, 100.00
906, 104.00, 7.58, 100.00
907, 103.94, 5.92, 100.00
908, 105.30, 4.80, 100.00
909, 100.69, 4.85, 100.00
910, 101.32, 4.82, 100.00
911, 111.62, 5.04, 100.00
912, 99.54, 4.88, 100.00
913, 99.37, 4.81, 100.00
914, 105.00, 4.87, 100.00
915, 102.20, 5.09, 100.00
916, 101.89, 4.90, 100.00
917, 102.98, 4.99, 100.00
918, 102.64, 5.16, 100.00
919, 103.16, 5.02, 100.00
920, 105.66, 5.04, 100.00
921, 107.39, 4.96, 100.00
922, 104.49, 4.91, 100.00
923, 105.68, 5.33, 100.00
924, 109.45, 4.90, 100.00
925, 105.35, 5.45, 100.00
926, 106.70, 5.11, 100.00
927, 107.26, 5.04, 100.00
928, 118.42, 5.86, 100.00
929, 107.42, 5.05, 100.00
930, 105.51, 5.26, 100.00
931, 106.90, 5.16, 100.00
932, 109.65, 4.95, 100.00
933, 107.49, 5.03, 100.00
934, 109.55, 5.14, 100.00
935, 108.42, 5.27, 100.00
936, 113.31, 4.87, 100.00
937, 106.89, 5.22, 100.00
938, 107.33, 5.09, 100.00
939, 108.02, 5.06, 100.00
940, 109.27, 6.22, 100.00
941, 114.28, 5.14, 100.00
942, 105.98, 5.17, 100.00
943, 107.63, 5.51, 100.00
944, 109.72, 5.34, 100.00
945, 109.30, 5.14, 100.00
946, 106.20, 5.23, 100.00
947, 108.74, 5.14, 100.00
948, 111.14, 5.25, 100.00
949, 115.95, 5.81, 100.00
950, 112.47, 5.00, 100.00
951, 109.53, 5.13, 100.00
952, 116.52, 5.79, 100.00
953, 111.60, 5.33, 100.00
954, 112.66, 5.22, 100.00
955, 122.10, 6.50, 100.00
956, 111.34, 5.52, 100.00
957, 110.83, 5.24, 100.00
958, 112.46, 5.43, 100.00
959, 114.34, 5.13, 100.00
960, 113.63, 5.14, 100.00
961, 110.64, 5.25, 100.00
962, 112.10, 5.41, 100.00
963, 114.76, 5.34, 100.00
964, 113.64, 5.28, 100.00
965, 112.14, 5.18, 100.00
966, 112.49, 5.24, 100.00
967, 111.13, 5.23, 100.00
968, 114.73, 5.38, 100.00
969, 121.32, 5.28, 100.00
970, 113.91, 5.62, 100.00
971, 116.87, 5.35, 100.00
972, 117.55, 5.36, 100.00
973, 115.29, 5.42, 100.00
974, 114.96, 5.51, 100.00
975, 124.98, 8.23, 100.00
976, 122.25, 5.88, 100.00
977, 124.97, 5.56, 100.00
978, 117.60, 5.40, 100.00
979, 117.96, 5.65, 100.00
980, 118.17, 5.78, 100.00
981, 118.07, 5.42, 100.00
982, 118.72, 5.51, 100.00
983, 118.69, 5.57, 100.00
984, 121.89, 6.94, 100.00
985, 137.56, 5.56, 100.00
986, 118.91, 5.72, 100.00
987, 121.93, 5.32, 100.00
988, 120.45, 5.52, 100.00
989, 118.96, 5.87, 100.00
990, 121.22, 5.56, 100.00
991, 122.82, 5.82, 100.00
992, 128.99, 5.63, 100.00
993, 119.03, 5.42, 100.00
994, 121.40, 5.89, 100.00
995, 121.71, 6.01, 100.00
996, 121.29, 5.49, 100.00
997, 125.13, 5.48, 100.00
998, 121.07, 6.07, 100.00
999, 118.89, 5.71, 100.00
1000, 122.03, 5.51, 100.00
